{
    "Linear Regression": {
        "mean_mse": 1.3852919958247851e-05,
        "std_mse": 5.421390220730393e-07,
        "mean_r2": 0.9944640288119821,
        "std_r2": 0.0002537680757863837
    },
    "Random Forest": {
        "mean_mse": 0.000680815768,
        "std_mse": 3.4288331649378295e-06,
        "mean_r2": 0.7280020755935777,
        "std_r2": 0.0022706805968128116
    },
    "Neural Network": {
        "mean_mse": 2.2059336762943398e-05,
        "std_mse": 4.8546299983557604e-06,
        "mean_r2": 0.9911939140000399,
        "std_r2": 0.0019050524697786751
    }
}